{
    "name":"svygcharts",
    "displayName":"Google Charts",
    "packageType": "Web-Component",
    "icon": "https://github.com/Servoy/svyGCharts/raw/master/svyGCharts_icon.png",
    "description": "A wrapper component for the Google Charts API",
    "wikiUrl": "https://github.com/Servoy/svyGCharts/wiki",
    "sourceUrl" : "https://github.com/Servoy/svyGCharts",
    "releases" : [
    	{"version":"1.0.0","url":"https://github.com/Servoy/svyGCharts/releases/download/v1.0.0/svygooglecharts.zip"},
    	{"version":"1.0.1","url":"https://github.com/Servoy/svyGCharts/releases/download/v1.0.1/svygooglecharts.zip"},
    	{"version":"1.1.0","url":"https://github.com/Servoy/svyGCharts/releases/download/v1.1.0/svygooglecharts.zip"}
    ]
}

